{
    "Mean Squared Error (MSE)": 561.4415078580562,
    "Root Mean Squared Error (RMSE)": 23.6947569698036,
    "Mean Absolute Error (MAE)": 18.098234300595237,
    "R-squared (R\u00b2)": -0.42867250028921955,
    "Adjusted R-squared (aR\u00b2)": -0.42897616151930773,
    "F-Statistic (F1)": 0.245375,
    "Accuracy": 5.3075
}