{
    "Mean Squared Error (MSE)": 552.3028825866159,
    "Root Mean Squared Error (RMSE)": 23.501125134482727,
    "Mean Absolute Error (MAE)": 17.66169986758436,
    "R-squared (R\u00b2)": -0.37129088433192736,
    "Adjusted R-squared (aR\u00b2)": -0.3716301892592784,
    "F-Statistic (F1)": 0.26202290354029945,
    "Accuracy": 6.6775315396592125
}