{
    "Mean Squared Error (MSE)": 81.38113599223671,
    "Root Mean Squared Error (RMSE)": 9.021149372016668,
    "Mean Absolute Error (MAE)": 2.794368901740621,
    "R-squared (R\u00b2)": 0.7934624869634077,
    "Adjusted R-squared (aR\u00b2)": 0.7934515140408007,
    "F-Statistic (F1)": 0.874578125,
    "Accuracy": 82.49499999999999
}