{
    "Mean Squared Error (MSE)": 779.099164302341,
    "Mean Absolute Error (MAE)": 21.496832762996625,
    "R-squared (R\u00b2)": -0.5318717589178183,
    "Accuracy (tolerance: 5)": 21.87172225718481
}