{
    "Mean Squared Error (MSE)": 95.258390625,
    "Root Mean Squared Error (RMSE)": 9.760040503245875,
    "Mean Absolute Error (MAE)": 3.088646875,
    "R-squared (R\u00b2)": 0.7582433464994571,
    "Adjusted R-squared (aR\u00b2)": 0.7582305024547624,
    "F-Statistic (F1)": 0.871009375,
    "Accuracy": 83.74906250000001
}