{
    "Mean Squared Error (MSE)": 4.8344361947099035,
    "Root Mean Squared Error (RMSE)": 2.1987351351879343,
    "Mean Absolute Error (MAE)": 0.22222990203389706,
    "R-squared (R\u00b2)": 0.9879655588496074,
    "Adjusted R-squared (aR\u00b2)": 0.9879648145586091,
    "F-Statistic (F1)": 0.9874459331153075,
    "Accuracy": 98.15126722955644
}