{
    "Mean Squared Error (MSE)": 781.200728970002,
    "Mean Absolute Error (MAE)": 21.511616320537026,
    "R-squared (R\u00b2)": -0.5360038742010023,
    "Accuracy (tolerance: 5)": 21.97923222152297
}