{
    "Mean Squared Error (MSE)": 551.5213875,
    "Root Mean Squared Error (RMSE)": 23.484492489726065,
    "Mean Absolute Error (MAE)": 17.8358125,
    "R-squared (R\u00b2)": -0.4034292595299396,
    "Adjusted R-squared (aR\u00b2)": -0.4037275553641524,
    "F-Statistic (F1)": 0.2489375,
    "Accuracy": 5.94
}