{
    "Mean Squared Error (MSE)": 419.9205593106991,
    "Mean Absolute Error (MAE)": 17.302977466921636,
    "R-squared (R\u00b2)": 0.17434843307391046,
    "Accuracy (tolerance: 5)": 14.4954898258863
}