{
    "Mean Squared Error (MSE)": 328.5787548823565,
    "Root Mean Squared Error (RMSE)": 18.126741430338672,
    "Mean Absolute Error (MAE)": 14.995092653733519,
    "R-squared (R\u00b2)": 0.18418486384660926,
    "Adjusted R-squared (aR\u00b2)": 0.18398300288576785,
    "F-Statistic (F1)": 0.1948692577448598,
    "Accuracy": 0.37250993117296977
}