{
    "Mean Squared Error (MSE)": 327.4490171845186,
    "Root Mean Squared Error (RMSE)": 18.095552414461366,
    "Mean Absolute Error (MAE)": 14.973712207401093,
    "R-squared (R\u00b2)": 0.18487580177951868,
    "Adjusted R-squared (aR\u00b2)": 0.18482538900209144,
    "F-Statistic (F1)": 0.19308016632046884,
    "Accuracy": 0.36923726131448464
}