{
    "Mean Squared Error (MSE)": 360.1157965273161,
    "Root Mean Squared Error (RMSE)": 18.976717222093924,
    "Mean Absolute Error (MAE)": 15.805302469936501,
    "R-squared (R\u00b2)": 0.08606066856773142,
    "Adjusted R-squared (aR\u00b2)": 0.08601211280948762,
    "F-Statistic (F1)": 0.172078125,
    "Accuracy": 0.35843749999999996
}