{
    "Mean Squared Error (MSE)": 358.60121375752743,
    "Root Mean Squared Error (RMSE)": 18.936768830968166,
    "Mean Absolute Error (MAE)": 15.775396227065253,
    "R-squared (R\u00b2)": 0.0874851868001868,
    "Adjusted R-squared (aR\u00b2)": 0.08729123376294845,
    "F-Statistic (F1)": 0.1693375,
    "Accuracy": 0.29625
}