{
    "Mean Squared Error (MSE)": 369.8834115215516,
    "Root Mean Squared Error (RMSE)": 19.23235324970794,
    "Mean Absolute Error (MAE)": 16.061049463688015,
    "R-squared (R\u00b2)": 0.07924316938271847,
    "Adjusted R-squared (aR\u00b2)": 0.07918622357094174,
    "F-Statistic (F1)": 0.16849951435296173,
    "Accuracy": 0.35286713642862083
}