{
    "Mean Squared Error (MSE)": 466.0679405550818,
    "Mean Absolute Error (MAE)": 18.42139248220863,
    "R-squared (R\u00b2)": 0.08361303851141466,
    "Accuracy (tolerance: 5)": 13.527900146842878
}