{
    "Mean Squared Error (MSE)": 41.066208608303654,
    "Root Mean Squared Error (RMSE)": 6.408292175634913,
    "Mean Absolute Error (MAE)": 5.10175463108374,
    "R-squared (R\u00b2)": 0.8977732147324302,
    "Adjusted R-squared (aR\u00b2)": 0.8977668923386355,
    "F-Statistic (F1)": 0.5884477847583224,
    "Accuracy": 1.268502788377939
}