{
    "Mean Squared Error (MSE)": 4.8348625,
    "Root Mean Squared Error (RMSE)": 2.1988320763532627,
    "Mean Absolute Error (MAE)": 0.22555,
    "R-squared (R\u00b2)": 0.9877295829746203,
    "Adjusted R-squared (aR\u00b2)": 0.9877289310720463,
    "F-Statistic (F1)": 0.9872625,
    "Accuracy": 98.0521875
}