{
    "Mean Squared Error (MSE)": 281.8346793795498,
    "Root Mean Squared Error (RMSE)": 16.787932552269496,
    "Mean Absolute Error (MAE)": 13.513979496122486,
    "R-squared (R\u00b2)": 0.3002438717832002,
    "Adjusted R-squared (aR\u00b2)": 0.30007072784637334,
    "F-Statistic (F1)": 0.24300452541361697,
    "Accuracy": 0.510746038444189
}