{
    "Mean Squared Error (MSE)": 59.696946443999245,
    "Root Mean Squared Error (RMSE)": 7.7263799054925615,
    "Mean Absolute Error (MAE)": 6.118568260812226,
    "R-squared (R\u00b2)": 0.8484948790147335,
    "Adjusted R-squared (aR\u00b2)": 0.8484868298524157,
    "F-Statistic (F1)": 0.519265625,
    "Accuracy": 0.9815625
}