{
    "Mean Squared Error (MSE)": 626.6442375,
    "Root Mean Squared Error (RMSE)": 25.03286315026709,
    "Mean Absolute Error (MAE)": 18.4127375,
    "R-squared (R\u00b2)": -0.59459066893091,
    "Adjusted R-squared (aR\u00b2)": -0.5949295957065821,
    "F-Statistic (F1)": 0.3172,
    "Accuracy": 11.485
}