{
    "Mean Squared Error (MSE)": 913.5708516886931,
    "Mean Absolute Error (MAE)": 22.31461086637298,
    "R-squared (R\u00b2)": -0.7962711957541277,
    "Accuracy (tolerance: 5)": 28.96213551499895
}