{
    "Mean Squared Error (MSE)": 403.4071276090562,
    "Mean Absolute Error (MAE)": 16.53832561123626,
    "R-squared (R\u00b2)": 0.20681729047438935,
    "Accuracy (tolerance: 5)": 16.97870778267254
}