{
    "Mean Squared Error (MSE)": 278.8182943199187,
    "Root Mean Squared Error (RMSE)": 16.69785298533673,
    "Mean Absolute Error (MAE)": 13.50007802911135,
    "R-squared (R\u00b2)": 0.2905048449443781,
    "Adjusted R-squared (aR\u00b2)": 0.2903540432935574,
    "F-Statistic (F1)": 0.2328375,
    "Accuracy": 0.4425
}