{
    "Mean Squared Error (MSE)": 337.27604606368806,
    "Root Mean Squared Error (RMSE)": 18.36507680527604,
    "Mean Absolute Error (MAE)": 14.886755739065965,
    "R-squared (R\u00b2)": 0.16041321794006647,
    "Adjusted R-squared (aR\u00b2)": 0.16036129223148454,
    "F-Statistic (F1)": 0.2164021375745295,
    "Accuracy": 0.39943104721507794
}