{
    "Mean Squared Error (MSE)": 339.6086634138448,
    "Root Mean Squared Error (RMSE)": 18.428474256265623,
    "Mean Absolute Error (MAE)": 14.964955961006723,
    "R-squared (R\u00b2)": 0.15679914216902446,
    "Adjusted R-squared (aR\u00b2)": 0.15659050503077943,
    "F-Statistic (F1)": 0.21263623532150808,
    "Accuracy": 0.36232411274245885
}