{
    "Mean Squared Error (MSE)": 328.876867408741,
    "Root Mean Squared Error (RMSE)": 18.134962569819134,
    "Mean Absolute Error (MAE)": 14.701711125746392,
    "R-squared (R\u00b2)": 0.16312326418352086,
    "Adjusted R-squared (aR\u00b2)": 0.1629453878549859,
    "F-Statistic (F1)": 0.213625,
    "Accuracy": 0.44875000000000004
}