{
    "Mean Squared Error (MSE)": 425.5951652178694,
    "Mean Absolute Error (MAE)": 17.02630143900739,
    "R-squared (R\u00b2)": 0.16319097208501765,
    "Accuracy (tolerance: 5)": 17.180616740088105
}