{
    "Mean Squared Error (MSE)": 326.8401872542177,
    "Root Mean Squared Error (RMSE)": 18.07872194747786,
    "Mean Absolute Error (MAE)": 14.616940593609563,
    "R-squared (R\u00b2)": 0.17051097145731908,
    "Adjusted R-squared (aR\u00b2)": 0.1704669023737918,
    "F-Statistic (F1)": 0.22402187500000004,
    "Accuracy": 0.4821875
}