{
    "Mean Squared Error (MSE)": 178.59120249062406,
    "Root Mean Squared Error (RMSE)": 13.36380194744834,
    "Mean Absolute Error (MAE)": 5.339025652863218,
    "R-squared (R\u00b2)": 0.6355837163173854,
    "Adjusted R-squared (aR\u00b2)": 0.6355449927308408,
    "F-Statistic (F1)": 0.78853125,
    "Accuracy": 72.42625000000001
}