{
    "Mean Squared Error (MSE)": 2.4276343494985544,
    "Root Mean Squared Error (RMSE)": 1.5580867592976184,
    "Mean Absolute Error (MAE)": 0.21819138419542639,
    "R-squared (R\u00b2)": 0.9940915052080763,
    "Adjusted R-squared (aR\u00b2)": 0.9940910801580938,
    "F-Statistic (F1)": 0.982609063597512,
    "Accuracy": 96.39233275504591
}