{
    "Mean Squared Error (MSE)": 214.62025,
    "Root Mean Squared Error (RMSE)": 14.649923207989863,
    "Mean Absolute Error (MAE)": 6.0792625,
    "R-squared (R\u00b2)": 0.5620662562471983,
    "Adjusted R-squared (aR\u00b2)": 0.5620197205516588,
    "F-Statistic (F1)": 0.77595625,
    "Accuracy": 73.068125
}