{
    "Mean Squared Error (MSE)": 732.411275,
    "Root Mean Squared Error (RMSE)": 27.06309803034383,
    "Mean Absolute Error (MAE)": 20.665125,
    "R-squared (R\u00b2)": -0.4923361627249987,
    "Adjusted R-squared (aR\u00b2)": -0.4929706911319398,
    "F-Statistic (F1)": 0.23315,
    "Accuracy": 7.034999999999999
}