{
    "Mean Squared Error (MSE)": 742.1065931859856,
    "Root Mean Squared Error (RMSE)": 27.24163345297021,
    "Mean Absolute Error (MAE)": 20.911048370262776,
    "R-squared (R\u00b2)": -0.5120910114444859,
    "Adjusted R-squared (aR\u00b2)": -0.5127339394419486,
    "F-Statistic (F1)": 0.226225,
    "Accuracy": 6.1
}