{
    "Mean Squared Error (MSE)": 2.4276343494985544,
    "Mean Absolute Error (MAE)": 0.21819138419542639,
    "R-squared (R\u00b2)": 0.9940915052080763,
    "Accuracy (tolerance: 5)": 98.41450514111624
}