{
    "Mean Squared Error (MSE)": 587.7198686593437,
    "Mean Absolute Error (MAE)": 18.32051520742007,
    "R-squared (R\u00b2)": -0.42602347912102845,
    "Accuracy (tolerance: 5)": 25.112130392837194
}