{
    "Mean Squared Error (MSE)": 4.848030296619134,
    "Mean Absolute Error (MAE)": 0.22106799813819658,
    "R-squared (R\u00b2)": 0.9882006275926277,
    "Accuracy (tolerance: 5)": 98.78094190327084
}