{
    "Mean Squared Error (MSE)": 589.3492598777999,
    "Mean Absolute Error (MAE)": 18.47299484464868,
    "R-squared (R\u00b2)": -0.42997697849734284,
    "Accuracy (tolerance: 5)": 24.113535196249344
}