{
    "Mean Squared Error (MSE)": 343.33979263759556,
    "Mean Absolute Error (MAE)": 15.364495882999503,
    "R-squared (R\u00b2)": 0.16693201688992698,
    "Accuracy (tolerance: 5)": 17.956095662034766
}