{
    "Mean Squared Error (MSE)": 339.8369700103771,
    "Mean Absolute Error (MAE)": 15.290406450549202,
    "R-squared (R\u00b2)": 0.17288822024445738,
    "Accuracy (tolerance: 5)": 18.007447213641942
}