{
    "Mean Squared Error (MSE)": 343.33979263759556,
    "Root Mean Squared Error (RMSE)": 18.52943044558023,
    "Mean Absolute Error (MAE)": 15.364495882999503,
    "R-squared (R\u00b2)": 0.16693201688992698,
    "Adjusted R-squared (aR\u00b2)": 0.16669224450843423,
    "F-Statistic (F1)": 0.174077145710272,
    "Accuracy": 0.3486620516899954
}