{
    "Mean Squared Error (MSE)": 491.77480254062425,
    "Mean Absolute Error (MAE)": 18.94978027349404,
    "R-squared (R\u00b2)": 0.08976470414921012,
    "P-value": 0.0,
    "Accuracy (tolerance: 5)": 13.233729195930701
}