{
    "Mean Squared Error (MSE)": 378.6674788700028,
    "Mean Absolute Error (MAE)": 16.23666192091075,
    "R-squared (R\u00b2)": 0.0783806353553923,
    "Accuracy (tolerance: 5)": 16.9398722125841
}