{
    "Mean Squared Error (MSE)": 380.6952240560297,
    "Mean Absolute Error (MAE)": 16.26887305391859,
    "R-squared (R\u00b2)": 0.07629406994269039,
    "Accuracy (tolerance: 5)": 17.02689436893861
}