{
    "Mean Squared Error (MSE)": 450.93822797027417,
    "Root Mean Squared Error (RMSE)": 21.235306166153435,
    "Mean Absolute Error (MAE)": 18.08699964041518,
    "R-squared (R\u00b2)": 0.07985818497426733,
    "Adjusted R-squared (aR\u00b2)": 0.07976040890661329,
    "F-Statistic (F1)": 0.13985625,
    "Accuracy": 0.26375
}