{
    "Mean Squared Error (MSE)": 450.4110207022067,
    "Root Mean Squared Error (RMSE)": 21.22288907529337,
    "Mean Absolute Error (MAE)": 18.065539272466722,
    "R-squared (R\u00b2)": 0.08225790996488802,
    "Adjusted R-squared (aR\u00b2)": 0.08186769397942961,
    "F-Statistic (F1)": 0.1365,
    "Accuracy": 0.325
}