{
    "Mean Squared Error (MSE)": 380.6952240560297,
    "Root Mean Squared Error (RMSE)": 19.51141266172262,
    "Mean Absolute Error (MAE)": 16.26887305391859,
    "R-squared (R\u00b2)": 0.07629406994269039,
    "Adjusted R-squared (aR\u00b2)": 0.0760282102828077,
    "F-Statistic (F1)": 0.16046917048897313,
    "Accuracy": 0.33342924360645193
}