{
    "Mean Squared Error (MSE)": 420.944978333866,
    "Mean Absolute Error (MAE)": 16.809163020451003,
    "R-squared (R\u00b2)": 0.22086496723471505,
    "P-value": 0.0,
    "Accuracy (tolerance: 5)": 16.685821308474864
}