{
    "Mean Squared Error (MSE)": 528.8060963218858,
    "Mean Absolute Error (MAE)": 11.891810607600082,
    "R-squared (R\u00b2)": 0.022755097598378682,
    "Accuracy (tolerance: 5)": 65.74273521641942
}