{
    "Mean Squared Error (MSE)": 6.733075,
    "Root Mean Squared Error (RMSE)": 2.5948169492278255,
    "Mean Absolute Error (MAE)": 0.2514375,
    "R-squared (R\u00b2)": 0.986261125212004,
    "Adjusted R-squared (aR\u00b2)": 0.9862596652923169,
    "F-Statistic (F1)": 0.98745,
    "Accuracy": 98.123125
}