{
    "Mean Squared Error (MSE)": 993.308517430724,
    "Mean Absolute Error (MAE)": 23.05805984761418,
    "R-squared (R\u00b2)": -0.8385335473953559,
    "P-value": 0.0,
    "Accuracy (tolerance: 5)": 30.511216106925467
}