{
    "Mean Squared Error (MSE)": 42.980705654910146,
    "Mean Absolute Error (MAE)": 5.240267618687506,
    "R-squared (R\u00b2)": 0.895391463888416,
    "Accuracy (tolerance: 5)": 55.06156645368764
}