{
    "Mean Squared Error (MSE)": 673.6334986375099,
    "Mean Absolute Error (MAE)": 18.976084491308836,
    "R-squared (R\u00b2)": -0.6344813857847114,
    "Accuracy (tolerance: 5)": 29.434862820100538
}