{
    "Mean Squared Error (MSE)": 845.998325,
    "Root Mean Squared Error (RMSE)": 29.086050350640598,
    "Mean Absolute Error (MAE)": 21.247575,
    "R-squared (R\u00b2)": -0.7237772507014948,
    "Adjusted R-squared (aR\u00b2)": -0.7245101858538616,
    "F-Statistic (F1)": 0.32175,
    "Accuracy": 15.509999999999998
}