{
    "Mean Squared Error (MSE)": 297.3506385385813,
    "Mean Absolute Error (MAE)": 13.958141578100022,
    "R-squared (R\u00b2)": 0.2785185345955621,
    "Accuracy (tolerance: 5)": 21.028045292216035
}