{
    "Mean Squared Error (MSE)": 95.52394519154468,
    "Root Mean Squared Error (RMSE)": 9.773635208638835,
    "Mean Absolute Error (MAE)": 7.987027836103167,
    "R-squared (R\u00b2)": 0.8050828897283896,
    "Adjusted R-squared (aR\u00b2)": 0.8050621774552925,
    "F-Statistic (F1)": 0.40983125,
    "Accuracy": 0.653125
}