{
    "Mean Squared Error (MSE)": 367.91213227670704,
    "Root Mean Squared Error (RMSE)": 19.181035745670957,
    "Mean Absolute Error (MAE)": 15.85150354495515,
    "R-squared (R\u00b2)": 0.2503548232490097,
    "Adjusted R-squared (aR\u00b2)": 0.25003608061470506,
    "F-Statistic (F1)": 0.18305,
    "Accuracy": 0.3
}