{
    "Mean Squared Error (MSE)": 4.752261668006601,
    "Mean Absolute Error (MAE)": 0.21904117124360006,
    "R-squared (R\u00b2)": 0.9884337139482824,
    "Accuracy (tolerance: 5)": 98.78559641179706
}