{
    "Mean Squared Error (MSE)": 414.10836642056887,
    "Root Mean Squared Error (RMSE)": 20.349652734643136,
    "Mean Absolute Error (MAE)": 16.767162403623626,
    "R-squared (R\u00b2)": 0.1562269566421005,
    "Adjusted R-squared (aR\u00b2)": 0.155868191654429,
    "F-Statistic (F1)": 0.181775,
    "Accuracy": 0.3475
}