{
    "Mean Squared Error (MSE)": 345.1029908847769,
    "Root Mean Squared Error (RMSE)": 18.576947835550836,
    "Mean Absolute Error (MAE)": 15.059649520705085,
    "R-squared (R\u00b2)": 0.16007152199787855,
    "Adjusted R-squared (aR\u00b2)": 0.16001109855714746,
    "F-Statistic (F1)": 0.2122667456522659,
    "Accuracy": 0.4007108703930944
}