{
    "Mean Squared Error (MSE)": 453.70027445730693,
    "Mean Absolute Error (MAE)": 17.5966925784161,
    "R-squared (R\u00b2)": 0.160237569280267,
    "P-value": 0.0,
    "Accuracy (tolerance: 5)": 16.90290724896778
}