{
    "Mean Squared Error (MSE)": 410.9749786847291,
    "Root Mean Squared Error (RMSE)": 20.27251781808883,
    "Mean Absolute Error (MAE)": 16.67029866997775,
    "R-squared (R\u00b2)": 0.16140340436593825,
    "Adjusted R-squared (aR\u00b2)": 0.16131429345267445,
    "F-Statistic (F1)": 0.1910375,
    "Accuracy": 0.42500000000000004
}