{
    "Mean Squared Error (MSE)": 349.69468529291,
    "Mean Absolute Error (MAE)": 15.192405614973733,
    "R-squared (R\u00b2)": 0.15151272171713626,
    "Accuracy (tolerance: 5)": 19.745104344735374
}