{
    "Mean Squared Error (MSE)": 345.1029908847769,
    "Mean Absolute Error (MAE)": 15.059649520705085,
    "R-squared (R\u00b2)": 0.16007152199787855,
    "Accuracy (tolerance: 5)": 20.156560741336264
}