{
    "Mean Squared Error (MSE)": 289.9352,
    "Root Mean Squared Error (RMSE)": 17.02748366612049,
    "Mean Absolute Error (MAE)": 7.83165,
    "R-squared (R\u00b2)": 0.4884234767635006,
    "Adjusted R-squared (aR\u00b2)": 0.4883147422870556,
    "F-Statistic (F1)": 0.719525,
    "Accuracy": 66.6675
}