{
    "Mean Squared Error (MSE)": 787.488000489229,
    "Root Mean Squared Error (RMSE)": 28.062216599713377,
    "Mean Absolute Error (MAE)": 21.201505238095237,
    "R-squared (R\u00b2)": -0.39792464191228727,
    "Adjusted R-squared (aR\u00b2)": -0.3991139482336019,
    "F-Statistic (F1)": 0.2343,
    "Accuracy": 8.465
}