{
    "Mean Squared Error (MSE)": 289.9352,
    "Mean Absolute Error (MAE)": 7.83165,
    "R-squared (R\u00b2)": 0.4884234767635006,
    "Accuracy (tolerance: 5)": 71.88125
}