{
    "Mean Squared Error (MSE)": 330.804875,
    "Root Mean Squared Error (RMSE)": 18.188042088141316,
    "Mean Absolute Error (MAE)": 8.904075,
    "R-squared (R\u00b2)": 0.4163109280205206,
    "Adjusted R-squared (aR\u00b2)": 0.4161868661788106,
    "F-Statistic (F1)": 0.6823625,
    "Accuracy": 62.348749999999995
}