{
    "Mean Squared Error (MSE)": 753.55105,
    "Mean Absolute Error (MAE)": 20.57225,
    "R-squared (R\u00b2)": -0.33768080412583545,
    "Accuracy (tolerance: 5)": 25.235000000000003
}