{
    "Mean Squared Error (MSE)": 770.9239853392148,
    "Root Mean Squared Error (RMSE)": 27.765517919520516,
    "Mean Absolute Error (MAE)": 20.968375535714287,
    "R-squared (R\u00b2)": -0.3685207082233575,
    "Adjusted R-squared (aR\u00b2)": -0.3696849986867645,
    "F-Statistic (F1)": 0.2366,
    "Accuracy": 8.77
}