{
    "Mean Squared Error (MSE)": 770.9239853392148,
    "Mean Absolute Error (MAE)": 20.968375535714287,
    "R-squared (R\u00b2)": -0.3685207082233575,
    "Accuracy (tolerance: 5)": 23.905
}