{
    "Mean Squared Error (MSE)": 762.22205,
    "Root Mean Squared Error (RMSE)": 27.60836920210971,
    "Mean Absolute Error (MAE)": 20.72355,
    "R-squared (R\u00b2)": -0.3530732984400231,
    "Adjusted R-squared (aR\u00b2)": -0.35422444677720044,
    "F-Statistic (F1)": 0.246,
    "Accuracy": 9.645
}