{
    "Mean Squared Error (MSE)": 269.7853165535714,
    "Root Mean Squared Error (RMSE)": 16.425142816839415,
    "Mean Absolute Error (MAE)": 7.645511428571428,
    "R-squared (R\u00b2)": 0.523976963601748,
    "Adjusted R-squared (aR\u00b2)": 0.5238757859415397,
    "F-Statistic (F1)": 0.7111375,
    "Accuracy": 63.949999999999996
}