{
    "Mean Squared Error (MSE)": 229.295430500992,
    "Mean Absolute Error (MAE)": 6.565092023809523,
    "R-squared (R\u00b2)": 0.5954193932654128,
    "Accuracy (tolerance: 5)": 74.87
}