{
    "Mean Squared Error (MSE)": 425.20327248440776,
    "Mean Absolute Error (MAE)": 17.461179218761522,
    "R-squared (R\u00b2)": 0.24974955850012281,
    "Accuracy (tolerance: 5)": 14.43875
}