{
    "Mean Squared Error (MSE)": 425.20327248440776,
    "Root Mean Squared Error (RMSE)": 20.62045762063509,
    "Mean Absolute Error (MAE)": 17.461179218761522,
    "R-squared (R\u00b2)": 0.24974955850012281,
    "Adjusted R-squared (aR\u00b2)": 0.24959009440188196,
    "F-Statistic (F1)": 0.1494125,
    "Accuracy": 0.3025
}