{
    "Mean Squared Error (MSE)": 429.5123911461398,
    "Mean Absolute Error (MAE)": 17.510824393578105,
    "R-squared (R\u00b2)": 0.2375427241852046,
    "Accuracy (tolerance: 5)": 14.45
}