{
    "Mean Squared Error (MSE)": 517.6861956758829,
    "Root Mean Squared Error (RMSE)": 22.752718423869332,
    "Mean Absolute Error (MAE)": 19.565875530876852,
    "R-squared (R\u00b2)": 0.0865679499715859,
    "Adjusted R-squared (aR\u00b2)": 0.08637380197765632,
    "F-Statistic (F1)": 0.126025,
    "Accuracy": 0.24625
}