{
    "Mean Squared Error (MSE)": 517.4778212673921,
    "Root Mean Squared Error (RMSE)": 22.748138852824688,
    "Mean Absolute Error (MAE)": 19.53847583633838,
    "R-squared (R\u00b2)": 0.08138917984355498,
    "Adjusted R-squared (aR\u00b2)": 0.08060765727611119,
    "F-Statistic (F1)": 0.1241,
    "Accuracy": 0.27999999999999997
}