{
    "Mean Squared Error (MSE)": 517.4299737974784,
    "Mean Absolute Error (MAE)": 19.53810308588523,
    "R-squared (R\u00b2)": 0.08147411721047859,
    "Accuracy (tolerance: 5)": 12.615000000000002
}