{
    "Mean Squared Error (MSE)": 25.5687375,
    "Mean Absolute Error (MAE)": 0.6041625,
    "R-squared (R\u00b2)": 0.9548852094061131,
    "Accuracy (tolerance: 5)": 98.095
}