{
    "Mean Squared Error (MSE)": 35.363175,
    "Root Mean Squared Error (RMSE)": 5.946694459949998,
    "Mean Absolute Error (MAE)": 0.814775,
    "R-squared (R\u00b2)": 0.9376034020115395,
    "Adjusted R-squared (aR\u00b2)": 0.9375901397504581,
    "F-Statistic (F1)": 0.9760125,
    "Accuracy": 97.04625
}