{
    "Mean Squared Error (MSE)": 952.52665,
    "Root Mean Squared Error (RMSE)": 30.863030473367324,
    "Mean Absolute Error (MAE)": 22.10785,
    "R-squared (R\u00b2)": -0.6908962108450225,
    "Adjusted R-squared (aR\u00b2)": -0.692334767325073,
    "F-Statistic (F1)": 0.34155,
    "Accuracy": 20.549999999999997
}