{
    "Mean Squared Error (MSE)": 386.6532006759954,
    "Root Mean Squared Error (RMSE)": 19.66349919714178,
    "Mean Absolute Error (MAE)": 16.254668136562007,
    "R-squared (R\u00b2)": 0.3136250498249674,
    "Adjusted R-squared (aR\u00b2)": 0.3130411055674869,
    "F-Statistic (F1)": 0.17900000000000002,
    "Accuracy": 0.325
}