{
    "Mean Squared Error (MSE)": 948.7983,
    "Root Mean Squared Error (RMSE)": 30.8025696979976,
    "Mean Absolute Error (MAE)": 22.0594,
    "R-squared (R\u00b2)": -0.6842777578204231,
    "Adjusted R-squared (aR\u00b2)": -0.6857106835477249,
    "F-Statistic (F1)": 0.3417,
    "Accuracy": 20.549999999999997
}