{
    "Mean Squared Error (MSE)": 385.34755561673387,
    "Mean Absolute Error (MAE)": 16.19152313827141,
    "R-squared (R\u00b2)": 0.31594279104870504,
    "Accuracy (tolerance: 5)": 16.77
}