{
    "Mean Squared Error (MSE)": 128.66282382023044,
    "Root Mean Squared Error (RMSE)": 11.342963625976697,
    "Mean Absolute Error (MAE)": 9.286695251452356,
    "R-squared (R\u00b2)": 0.7729807209343891,
    "Adjusted R-squared (aR\u00b2)": 0.7729324684807856,
    "F-Statistic (F1)": 0.3494,
    "Accuracy": 0.56625
}