{
    "Mean Squared Error (MSE)": 117.06237324834713,
    "Root Mean Squared Error (RMSE)": 10.819536646656692,
    "Mean Absolute Error (MAE)": 8.819881381958309,
    "R-squared (R\u00b2)": 0.7934491503335821,
    "Adjusted R-squared (aR\u00b2)": 0.793405248400093,
    "F-Statistic (F1)": 0.37533749999999994,
    "Accuracy": 0.58375
}