{
    "Mean Squared Error (MSE)": 1035.4202099096901,
    "Mean Absolute Error (MAE)": 23.588528191359533,
    "R-squared (R\u00b2)": -0.8527315257577537,
    "Accuracy (tolerance: 5)": 30.695630949475227
}