{
    "Mean Squared Error (MSE)": 117.06237324834713,
    "Mean Absolute Error (MAE)": 8.819881381958309,
    "R-squared (R\u00b2)": 0.7934491503335821,
    "Accuracy (tolerance: 5)": 32.18375
}