{
    "Mean Squared Error (MSE)": 477.93044882156113,
    "Root Mean Squared Error (RMSE)": 21.861620452783484,
    "Mean Absolute Error (MAE)": 18.27096311198027,
    "R-squared (R\u00b2)": 0.15159246729754106,
    "Adjusted R-squared (aR\u00b2)": 0.15087067127832665,
    "F-Statistic (F1)": 0.1542,
    "Accuracy": 0.325
}