{
    "Mean Squared Error (MSE)": 478.34436814538503,
    "Mean Absolute Error (MAE)": 18.24912457555002,
    "R-squared (R\u00b2)": 0.15085769035849228,
    "Accuracy (tolerance: 5)": 15.345
}