{
    "Mean Squared Error (MSE)": 479.16832252930305,
    "Mean Absolute Error (MAE)": 18.231472549113082,
    "R-squared (R\u00b2)": 0.14259906384101684,
    "Accuracy (tolerance: 5)": 15.435684647302905
}