{
    "Mean Squared Error (MSE)": 474.2952729443417,
    "Mean Absolute Error (MAE)": 18.125594842222625,
    "R-squared (R\u00b2)": 0.16312911740149938,
    "Accuracy (tolerance: 5)": 15.8025
}