{
    "Mean Squared Error (MSE)": 514.8982955201676,
    "Mean Absolute Error (MAE)": 19.518946561584777,
    "R-squared (R\u00b2)": 0.07866555477765647,
    "Accuracy (tolerance: 5)": 12.87283378081523
}