{
    "Mean Squared Error (MSE)": 436.26066385056157,
    "Mean Absolute Error (MAE)": 17.195599461379047,
    "R-squared (R\u00b2)": 0.2193759812410465,
    "Accuracy (tolerance: 5)": 15.879912130827433
}