{
    "Mean Squared Error (MSE)": 283.20025652237064,
    "Root Mean Squared Error (RMSE)": 16.828554796011765,
    "Mean Absolute Error (MAE)": 15.596619700049093,
    "R-squared (R\u00b2)": -0.958781038746078,
    "Adjusted R-squared (aR\u00b2)": -1.4958661622732286,
    "F-Statistic (F1)": 0.05000000000000001,
    "Accuracy": 0.0
}