{
    "Mean Squared Error (MSE)": 737.460681011535,
    "Mean Absolute Error (MAE)": 20.690217391304348,
    "R-squared (R\u00b2)": -0.4569079115295016,
    "Accuracy (tolerance: 5)": 23.888087843833187
}