{
    "Mean Squared Error (MSE)": 753.1340966799975,
    "Mean Absolute Error (MAE)": 21.009338518629093,
    "R-squared (R\u00b2)": -0.48787189900169103,
    "Accuracy (tolerance: 5)": 22.668034605146406
}