{
    "Mean Squared Error (MSE)": 143.17497258368246,
    "Root Mean Squared Error (RMSE)": 11.965574477795977,
    "Mean Absolute Error (MAE)": 4.725691926911329,
    "R-squared (R\u00b2)": 0.6261694294794764,
    "Adjusted R-squared (aR\u00b2)": 0.6260966506553809,
    "F-Statistic (F1)": 0.7947766747959102,
    "Accuracy": 73.02694100001145
}