{
    "Mean Squared Error (MSE)": 147.27676066820092,
    "Root Mean Squared Error (RMSE)": 12.135763703541732,
    "Mean Absolute Error (MAE)": 4.796997904716106,
    "R-squared (R\u00b2)": 0.6154596402466297,
    "Adjusted R-squared (aR\u00b2)": 0.615384776398119,
    "F-Statistic (F1)": 0.7965628184430781,
    "Accuracy": 74.4444062789819
}