{
    "Mean Squared Error (MSE)": 317.5081135948629,
    "Root Mean Squared Error (RMSE)": 17.81875735271298,
    "Mean Absolute Error (MAE)": 14.687455089005594,
    "R-squared (R\u00b2)": 0.16934158794870569,
    "Adjusted R-squared (aR\u00b2)": 0.16930116499485937,
    "F-Statistic (F1)": 0.19778505470096236,
    "Accuracy": 0.382992609215867
}