{
    "Mean Squared Error (MSE)": 317.39750195208376,
    "Root Mean Squared Error (RMSE)": 17.815653284459813,
    "Mean Absolute Error (MAE)": 14.69789846694775,
    "R-squared (R\u00b2)": 0.1712735326896141,
    "Adjusted R-squared (aR\u00b2)": 0.17111219292089552,
    "F-Statistic (F1)": 0.18635432052118753,
    "Accuracy": 0.4053172122419538
}