{
    "Mean Squared Error (MSE)": 416.8282055947278,
    "Mean Absolute Error (MAE)": 17.33760839037076,
    "R-squared (R\u00b2)": 0.1765251678955534,
    "Accuracy (tolerance: 5)": 14.263531499556345
}