{
    "Mean Squared Error (MSE)": 466.5623630542249,
    "Mean Absolute Error (MAE)": 18.45173442735953,
    "R-squared (R\u00b2)": 0.07827167541564473,
    "Accuracy (tolerance: 5)": 13.428904170363797
}