{
    "Mean Squared Error (MSE)": 352.3514773080756,
    "Root Mean Squared Error (RMSE)": 18.771027603945278,
    "Mean Absolute Error (MAE)": 15.567024683884238,
    "R-squared (R\u00b2)": 0.08000852796503877,
    "Adjusted R-squared (aR\u00b2)": 0.0798294203617751,
    "F-Statistic (F1)": 0.17041642336184293,
    "Accuracy": 0.33890930741135117
}