{
    "Mean Squared Error (MSE)": 96.14920630291753,
    "Root Mean Squared Error (RMSE)": 9.805570167150789,
    "Mean Absolute Error (MAE)": 7.209997690234664,
    "R-squared (R\u00b2)": 0.7484563587263681,
    "Adjusted R-squared (aR\u00b2)": 0.7484441176693294,
    "F-Statistic (F1)": 0.4891571300171173,
    "Accuracy": 1.0078602220097665
}