{
    "Mean Squared Error (MSE)": 887.4706355368235,
    "Mean Absolute Error (MAE)": 21.903366237799467,
    "R-squared (R\u00b2)": -0.753263629445607,
    "Accuracy (tolerance: 5)": 29.16759094942325
}