{
    "Mean Squared Error (MSE)": 372.8280575342018,
    "Mean Absolute Error (MAE)": 15.974801425775492,
    "R-squared (R\u00b2)": 0.26345070232529644,
    "Accuracy (tolerance: 5)": 17.033606921029282
}