{
    "Mean Squared Error (MSE)": 129.68034898498954,
    "Root Mean Squared Error (RMSE)": 11.387727999253826,
    "Mean Absolute Error (MAE)": 3.8944572298743974,
    "R-squared (R\u00b2)": 0.6614039592846808,
    "Adjusted R-squared (aR\u00b2)": 0.6613380400591546,
    "F-Statistic (F1)": 0.8528950411614513,
    "Accuracy": 80.74857738238359
}