{
    "Mean Squared Error (MSE)": 327.0712997840086,
    "Root Mean Squared Error (RMSE)": 18.085112656104982,
    "Mean Absolute Error (MAE)": 14.583658496368761,
    "R-squared (R\u00b2)": 0.14601519809838537,
    "Adjusted R-squared (aR\u00b2)": 0.1458489409365077,
    "F-Statistic (F1)": 0.21148627760794148,
    "Accuracy": 0.5175236721281443
}