{
    "Mean Squared Error (MSE)": 473.8344307232641,
    "Mean Absolute Error (MAE)": 18.33598593557078,
    "R-squared (R\u00b2)": 0.0639051699286417,
    "Accuracy (tolerance: 5)": 13.975155279503104
}