{
    "Mean Squared Error (MSE)": 529.3489709999795,
    "Root Mean Squared Error (RMSE)": 23.007585075361117,
    "Mean Absolute Error (MAE)": 17.432701150599826,
    "R-squared (R\u00b2)": -0.4001457358974656,
    "Adjusted R-squared (aR\u00b2)": -0.4003890055666355,
    "F-Statistic (F1)": 0.26154176289060105,
    "Accuracy": 6.5296029102205155
}