{
    "Mean Squared Error (MSE)": 730.4095605202433,
    "Mean Absolute Error (MAE)": 20.466671911055172,
    "R-squared (R\u00b2)": -0.43613782361898723,
    "Accuracy (tolerance: 5)": 24.29725194042375
}