{
    "Mean Squared Error (MSE)": 4.567805356577186,
    "Root Mean Squared Error (RMSE)": 2.1372424655563034,
    "Mean Absolute Error (MAE)": 0.2216408988258857,
    "R-squared (R\u00b2)": 0.9879391321393294,
    "Adjusted R-squared (aR\u00b2)": 0.9879386083244739,
    "F-Statistic (F1)": 0.9875358927458334,
    "Accuracy": 98.02704856888853
}