{
    "Mean Squared Error (MSE)": 2.2862512143899103,
    "Root Mean Squared Error (RMSE)": 1.512035454078346,
    "Mean Absolute Error (MAE)": 0.21907078652258816,
    "R-squared (R\u00b2)": 0.9939633649771547,
    "Adjusted R-squared (aR\u00b2)": 0.9939631028004076,
    "F-Statistic (F1)": 0.9826054301509284,
    "Accuracy": 96.07964357609262
}