{
    "Mean Squared Error (MSE)": 725.1931807176529,
    "Mean Absolute Error (MAE)": 20.46288060317127,
    "R-squared (R\u00b2)": -0.4258813309034122,
    "Accuracy (tolerance: 5)": 23.82001258653241
}