{
    "Mean Squared Error (MSE)": 465.2690590324952,
    "Mean Absolute Error (MAE)": 18.37826239507447,
    "R-squared (R\u00b2)": 0.08518380652047497,
    "Accuracy (tolerance: 5)": 13.585588420390183
}