{
    "Mean Squared Error (MSE)": 343.6653661389224,
    "Root Mean Squared Error (RMSE)": 18.538213671735537,
    "Mean Absolute Error (MAE)": 15.40099422655949,
    "R-squared (R\u00b2)": 0.09258336427968117,
    "Adjusted R-squared (aR\u00b2)": 0.09254395432018125,
    "F-Statistic (F1)": 0.17673792419860823,
    "Accuracy": 0.3525408487548666
}