{
    "Mean Squared Error (MSE)": 4.505065858717978,
    "Root Mean Squared Error (RMSE)": 2.1225140420543696,
    "Mean Absolute Error (MAE)": 0.22084640459427146,
    "R-squared (R\u00b2)": 0.9881047899846741,
    "Adjusted R-squared (aR\u00b2)": 0.9881042733644949,
    "F-Statistic (F1)": 0.987515455595181,
    "Accuracy": 98.02704856888853
}