{
    "Mean Squared Error (MSE)": 368.7011933650256,
    "Mean Absolute Error (MAE)": 15.798051017216487,
    "R-squared (R\u00b2)": 0.27505640940977805,
    "Accuracy (tolerance: 5)": 17.579190266414933
}