{
    "Mean Squared Error (MSE)": 858.0401457940004,
    "Mean Absolute Error (MAE)": 21.27567128172855,
    "R-squared (R\u00b2)": -0.6870862241734883,
    "Accuracy (tolerance: 5)": 30.63771764212293
}