{
    "Mean Squared Error (MSE)": 424.2698879694274,
    "Mean Absolute Error (MAE)": 16.966482583790444,
    "R-squared (R\u00b2)": 0.16579674408766454,
    "Accuracy (tolerance: 5)": 17.35105936647787
}