{
    "Mean Squared Error (MSE)": 162.31063204311613,
    "Mean Absolute Error (MAE)": 5.004635736629857,
    "R-squared (R\u00b2)": 0.6105141250932048,
    "Accuracy (tolerance: 5)": 79.64986997324087
}