{
    "Mean Squared Error (MSE)": 158.45461197248312,
    "Root Mean Squared Error (RMSE)": 12.587875594097802,
    "Mean Absolute Error (MAE)": 4.950357568149092,
    "R-squared (R\u00b2)": 0.6197671563454625,
    "Adjusted R-squared (aR\u00b2)": 0.6196453052230426,
    "F-Statistic (F1)": 0.7927298081634191,
    "Accuracy": 73.79489692081559
}