{
    "Mean Squared Error (MSE)": 159.20342879756527,
    "Mean Absolute Error (MAE)": 4.914360150946241,
    "R-squared (R\u00b2)": 0.6195416182467357,
    "Accuracy (tolerance: 5)": 80.01893894780483
}