{
    "Mean Squared Error (MSE)": 162.31063204311613,
    "Root Mean Squared Error (RMSE)": 12.740118996426844,
    "Mean Absolute Error (MAE)": 5.004635736629857,
    "R-squared (R\u00b2)": 0.6105141250932048,
    "Adjusted R-squared (aR\u00b2)": 0.6103893087028901,
    "F-Statistic (F1)": 0.7936531865978216,
    "Accuracy": 74.81815098179625
}