{
    "Mean Squared Error (MSE)": 126.51368530226803,
    "Root Mean Squared Error (RMSE)": 11.247830248642092,
    "Mean Absolute Error (MAE)": 4.222601183023848,
    "R-squared (R\u00b2)": 0.6905232985584657,
    "Adjusted R-squared (aR\u00b2)": 0.6905013756478953,
    "F-Statistic (F1)": 0.8148791666666667,
    "Accuracy": 75.22833333333332
}