{
    "Mean Squared Error (MSE)": 158.45461197248312,
    "Mean Absolute Error (MAE)": 4.950357568149092,
    "R-squared (R\u00b2)": 0.6197671563454625,
    "Accuracy (tolerance: 5)": 79.62914106961144
}