{
    "Mean Squared Error (MSE)": 599.70735,
    "Root Mean Squared Error (RMSE)": 24.48892300612667,
    "Mean Absolute Error (MAE)": 18.697316666666666,
    "R-squared (R\u00b2)": -0.4596628451567082,
    "Adjusted R-squared (aR\u00b2)": -0.4600765404047438,
    "F-Statistic (F1)": 0.23168333333333332,
    "Accuracy": 5.779999999999999
}