{
    "Mean Squared Error (MSE)": 150.4376,
    "Root Mean Squared Error (RMSE)": 12.265300648577679,
    "Mean Absolute Error (MAE)": 4.787391666666666,
    "R-squared (R\u00b2)": 0.6320008218119126,
    "Adjusted R-squared (aR\u00b2)": 0.6319747532483153,
    "F-Statistic (F1)": 0.8025,
    "Accuracy": 75.64416666666666
}