{
    "Mean Squared Error (MSE)": 155.48198724716428,
    "Mean Absolute Error (MAE)": 4.883874602657256,
    "R-squared (R\u00b2)": 0.6284349796570308,
    "Accuracy (tolerance: 5)": 79.83850071374393
}