{
    "Mean Squared Error (MSE)": 612.014908884786,
    "Root Mean Squared Error (RMSE)": 24.73893507984501,
    "Mean Absolute Error (MAE)": 18.996391549897474,
    "R-squared (R\u00b2)": -0.4896189336033485,
    "Adjusted R-squared (aR\u00b2)": -0.4900411189568088,
    "F-Statistic (F1)": 0.2259,
    "Accuracy": 5.091666666666667
}