{
    "Mean Squared Error (MSE)": 791.1301812072147,
    "Mean Absolute Error (MAE)": 21.687172770555282,
    "R-squared (R\u00b2)": -0.5613352488424705,
    "Accuracy (tolerance: 5)": 21.514629948364888
}