{
    "Mean Squared Error (MSE)": 788.7191487036582,
    "Mean Absolute Error (MAE)": 21.666666666666668,
    "R-squared (R\u00b2)": -0.5565769547926045,
    "Accuracy (tolerance: 5)": 21.828811846023548
}