{
    "Mean Squared Error (MSE)": 155.48198724716428,
    "Root Mean Squared Error (RMSE)": 12.469241646834995,
    "Mean Absolute Error (MAE)": 4.883874602657256,
    "R-squared (R\u00b2)": 0.6284349796570308,
    "Adjusted R-squared (aR\u00b2)": 0.6284052184618638,
    "F-Statistic (F1)": 0.7978856219465658,
    "Accuracy": 73.83928276979756
}