{
    "Mean Squared Error (MSE)": 352.9176248776196,
    "Mean Absolute Error (MAE)": 15.633859269476991,
    "R-squared (R\u00b2)": 0.1566106994851475,
    "Accuracy (tolerance: 5)": 17.588723317048352
}