{
    "Mean Squared Error (MSE)": 418.42245359118397,
    "Mean Absolute Error (MAE)": 17.262075800327125,
    "R-squared (R\u00b2)": 0.1742222187729241,
    "Accuracy (tolerance: 5)": 14.49334753981914
}