{
    "Mean Squared Error (MSE)": 352.6009908188692,
    "Mean Absolute Error (MAE)": 15.615529354952887,
    "R-squared (R\u00b2)": 0.15388718734328488,
    "Accuracy (tolerance: 5)": 17.742057061018354
}