{
    "Mean Squared Error (MSE)": 352.9176248776196,
    "Root Mean Squared Error (RMSE)": 18.78610190746392,
    "Mean Absolute Error (MAE)": 15.633859269476991,
    "R-squared (R\u00b2)": 0.1566106994851475,
    "Adjusted R-squared (aR\u00b2)": 0.15654314664190294,
    "F-Statistic (F1)": 0.17756912480389708,
    "Accuracy": 0.3458006887746689
}