{
    "Mean Squared Error (MSE)": 352.6009908188692,
    "Root Mean Squared Error (RMSE)": 18.77767266779537,
    "Mean Absolute Error (MAE)": 15.615529354952887,
    "R-squared (R\u00b2)": 0.15388718734328488,
    "Adjusted R-squared (aR\u00b2)": 0.15361603823652947,
    "F-Statistic (F1)": 0.16926092036332116,
    "Accuracy": 0.3448535785625447
}