{
    "Mean Squared Error (MSE)": 390.84998315032266,
    "Mean Absolute Error (MAE)": 16.508939332831154,
    "R-squared (R\u00b2)": 0.062103660565063,
    "Accuracy (tolerance: 5)": 16.841291976029847
}