{
    "Mean Squared Error (MSE)": 390.88626009626125,
    "Root Mean Squared Error (RMSE)": 19.770843687011975,
    "Mean Absolute Error (MAE)": 16.52044290373378,
    "R-squared (R\u00b2)": 0.06587467940210934,
    "Adjusted R-squared (aR\u00b2)": 0.06579985888765116,
    "F-Statistic (F1)": 0.1656404143954848,
    "Accuracy": 0.33496497236892314
}