{
    "Mean Squared Error (MSE)": 376.8727068040715,
    "Root Mean Squared Error (RMSE)": 19.41320959563543,
    "Mean Absolute Error (MAE)": 16.197992159030818,
    "R-squared (R\u00b2)": 0.07809718856576853,
    "Adjusted R-squared (aR\u00b2)": 0.0780318822186492,
    "F-Statistic (F1)": 0.16961666666666667,
    "Accuracy": 0.3441666666666667
}