{
    "Mean Squared Error (MSE)": 380.19731568901443,
    "Root Mean Squared Error (RMSE)": 19.4986490734362,
    "Mean Absolute Error (MAE)": 16.25740031291125,
    "R-squared (R\u00b2)": 0.0746154844699336,
    "Adjusted R-squared (aR\u00b2)": 0.07435321350924518,
    "F-Statistic (F1)": 0.16106666666666666,
    "Accuracy": 0.3833333333333333
}