{
    "Mean Squared Error (MSE)": 463.85103143950846,
    "Mean Absolute Error (MAE)": 18.36131034619899,
    "R-squared (R\u00b2)": 0.08456663289811939,
    "Accuracy (tolerance: 5)": 13.632762341884543
}