{
    "Mean Squared Error (MSE)": 390.88626009626125,
    "Mean Absolute Error (MAE)": 16.52044290373378,
    "R-squared (R\u00b2)": 0.06587467940210934,
    "Accuracy (tolerance: 5)": 16.655438351840424
}