{
    "Mean Squared Error (MSE)": 306.2790011282304,
    "Root Mean Squared Error (RMSE)": 17.50082858404797,
    "Mean Absolute Error (MAE)": 14.211852104064281,
    "R-squared (R\u00b2)": 0.25452959981466405,
    "Adjusted R-squared (aR\u00b2)": 0.2543183198172789,
    "F-Statistic (F1)": 0.20413333333333336,
    "Accuracy": 0.4266666666666667
}