{
    "Mean Squared Error (MSE)": 145.51146937025644,
    "Mean Absolute Error (MAE)": 4.095203546577092,
    "R-squared (R\u00b2)": 0.6522621492433955,
    "Accuracy (tolerance: 5)": 84.66322122292837
}