{
    "Mean Squared Error (MSE)": 680.4165,
    "Root Mean Squared Error (RMSE)": 26.084794421271564,
    "Mean Absolute Error (MAE)": 19.190466666666666,
    "R-squared (R\u00b2)": -0.6561055726289986,
    "Adjusted R-squared (aR\u00b2)": -0.6565749433524606,
    "F-Statistic (F1)": 0.30391666666666667,
    "Accuracy": 11.791666666666668
}