{
    "Mean Squared Error (MSE)": 105.13295127019893,
    "Root Mean Squared Error (RMSE)": 10.253436071395722,
    "Mean Absolute Error (MAE)": 7.561304428369774,
    "R-squared (R\u00b2)": 0.7487572170316448,
    "Adjusted R-squared (aR\u00b2)": 0.7487370932710946,
    "F-Statistic (F1)": 0.46852695502235453,
    "Accuracy": 0.8927688082125308
}