{
    "Mean Squared Error (MSE)": 401.1929141046738,
    "Mean Absolute Error (MAE)": 16.4892727299942,
    "R-squared (R\u00b2)": 0.20822558251839784,
    "Accuracy (tolerance: 5)": 16.9712865065705
}