{
    "Mean Squared Error (MSE)": 105.13295127019893,
    "Mean Absolute Error (MAE)": 7.561304428369774,
    "R-squared (R\u00b2)": 0.7487572170316448,
    "Accuracy (tolerance: 5)": 43.75650731881976
}