{
    "Mean Squared Error (MSE)": 75.68472973685599,
    "Root Mean Squared Error (RMSE)": 8.699697106040876,
    "Mean Absolute Error (MAE)": 6.959502573929881,
    "R-squared (R\u00b2)": 0.8148606575447195,
    "Adjusted R-squared (aR\u00b2)": 0.8148475425243357,
    "F-Statistic (F1)": 0.46245833333333336,
    "Accuracy": 0.8066666666666666
}