{
    "Mean Squared Error (MSE)": 106.49006636253495,
    "Mean Absolute Error (MAE)": 7.594097603007494,
    "R-squared (R\u00b2)": 0.7444629711313253,
    "Accuracy (tolerance: 5)": 43.72102664606339
}