{
    "Mean Squared Error (MSE)": 144.50199751253157,
    "Mean Absolute Error (MAE)": 4.091791354162741,
    "R-squared (R\u00b2)": 0.653248304079074,
    "Accuracy (tolerance: 5)": 84.59465571175517
}