{
    "Mean Squared Error (MSE)": 932.1385132366199,
    "Mean Absolute Error (MAE)": 22.74655082916701,
    "R-squared (R\u00b2)": -0.8396222923756105,
    "Accuracy (tolerance: 5)": 27.822856050050543
}