{
    "Mean Squared Error (MSE)": 5.291595833333333,
    "Root Mean Squared Error (RMSE)": 2.3003468941299556,
    "Mean Absolute Error (MAE)": 0.23577916666666668,
    "R-squared (R\u00b2)": 0.9870557432585326,
    "Adjusted R-squared (aR\u00b2)": 0.9870548263049086,
    "F-Statistic (F1)": 0.9869583333333334,
    "Accuracy": 98.07041666666667
}