{
    "Mean Squared Error (MSE)": 357.37546979559914,
    "Root Mean Squared Error (RMSE)": 18.904377000991044,
    "Mean Absolute Error (MAE)": 15.407640511971735,
    "R-squared (R\u00b2)": 0.14595750893258652,
    "Adjusted R-squared (aR\u00b2)": 0.14588910280212208,
    "F-Statistic (F1)": 0.20111089649064123,
    "Accuracy": 0.4169395225689128
}