{
    "Mean Squared Error (MSE)": 426.75727283339495,
    "Mean Absolute Error (MAE)": 17.078800576876958,
    "R-squared (R\u00b2)": 0.1577730333105053,
    "Accuracy (tolerance: 5)": 17.03412288610223
}