{
    "Mean Squared Error (MSE)": 356.46820100233737,
    "Mean Absolute Error (MAE)": 15.366442108697434,
    "R-squared (R\u00b2)": 0.14460730393209553,
    "Accuracy (tolerance: 5)": 19.449364941770625
}