{
    "Mean Squared Error (MSE)": 357.37546979559914,
    "Mean Absolute Error (MAE)": 15.407640511971735,
    "R-squared (R\u00b2)": 0.14595750893258652,
    "Accuracy (tolerance: 5)": 19.201831707190674
}